Date,Confirmed,Deaths,Recovered,Infected
0-07-01,12904,282,11684,938
0-07-02,12967,282,11759,926
0-07-03,13030,283,11811,936
0-07-04,13091,283,11832,976
0-07-05,13137,284,11848,1005
0-07-06,13181,285,11914,982
0-07-07,13244,285,11970,989
0-07-08,13293,287,12019,987
0-07-09,13338,288,12065,985
0-07-10,13373,288,12144,941
0-07-11,13417,289,12178,950
0-07-12,13479,289,12204,986
0-07-13,13512,289,12282,941
0-07-14,13551,289,12348,914
0-07-15,13612,291,12396,925
0-07-16,13672,293,12460,919
0-07-17,13711,294,12519,898
0-07-18,13745,295,12556,894
0-07-19,13771,296,12572,903
0-07-20,13816,296,12643,877
0-07-21,13879,297,12698,884
0-07-22,13938,297,12758,883
0-07-23,13979,298,12817,864
0-07-24,14092,298,12866,928
0-07-25,14150,298,12890,962
0-07-26,14175,299,12905,971
0-07-27,14203,300,13007,896
0-07-28,14251,300,13069,882
0-07-29,14269,300,13132,837
0-07-30,14305,301,13183,821
0-07-31,14336,301,13233,802
0-08-01,14366,301,13259,806
0-08-02,14389,301,13280,808
0-08-03,14423,301,13352,770
0-08-04,14456,302,13406,748
0-08-05,14499,302,13501,696
0-08-06,14519,303,13543,673
0-08-07,14562,304,13629,629
0-08-08,14598,305,13642,651
0-08-09,14626,305,13658,663
0-08-10,14660,305,13729,626
0-08-11,14714,305,13786,623
0-08-12,14770,305,13817,648
0-08-13,14873,305,13863,705
0-08-14,15039,305,13901,833
0-08-15,15318,305,13910,1103
0-08-16,15515,305,13917,1293
0-08-17,15761,306,13934,1521
0-08-18,16058,306,14006,1746
0-08-19,16346,307,14063,1976
0-08-20,16670,309,14120,2241
0-08-21,17002,309,14169,2524
0-08-22,17399,309,14200,2890
0-08-23,17665,309,14219,3137
0-08-24,17945,310,14286,3349
0-08-25,18265,312,14368,3585
0-08-26,18706,313,14461,3932
0-08-27,19077,316,14551,4210
0-08-28,19400,321,14765,4314
0-08-29,19699,323,14903,4473
0-08-30,19947,324,14973,4650
0-08-31,20182,324,15198,4660
0-09-01,20449,326,15356,4767
0-09-02,20644,329,15529,4786
0-09-03,20842,331,15783,4728
0-09-04,21010,333,16009,4668
0-09-05,21177,334,16146,4697
0-09-06,21296,336,16297,4663
0-09-07,21432,341,16636,4455
0-09-08,21588,344,17023,4221
0-09-09,21743,346,17360,4037
0-09-10,21919,350,17616,3953
0-09-11,22055,355,18029,3671
0-09-12,22176,358,18226,3592
0-09-13,22285,363,18489,3433
0-09-14,22391,367,18878,3146
0-09-15,22504,367,19310,2827
0-09-16,22657,372,19543,2742
0-09-17,22783,377,19771,2635
0-09-18,22893,378,19970,2545
0-09-19,22975,383,20158,2434
0-09-20,23045,385,20248,2412
0-09-21,23106,388,20441,2277
0-09-22,23216,388,20650,2178
0-09-23,23341,393,20832,2116
0-09-24,23455,395,20978,2082
0-09-25,23516,399,21166,1951
0-09-26,23611,401,21248,1962
0-09-27,23661,406,21292,1963
0-09-28,23699,407,21470,1822
0-09-29,23812,413,21590,1809
0-09-30,23889,415,21666,1808
0-10-01,23952,416,21733,1803
0-10-02,24027,420,21787,1820
0-10-03,24091,421,21845,1825
0-10-04,24164,422,21886,1856
0-10-05,24239,422,22083,1734
0-10-06,24353,425,22334,1594
0-10-07,24422,427,22463,1532
0-10-08,24476,428,22569,1479
0-10-09,24548,430,22624,1494
0-10-10,24606,432,22693,1481
0-10-11,24703,433,22729,1541
0-10-12,24805,434,22863,1508
0-10-13,24889,438,23030,1421
0-10-14,24988,439,23082,1467
0-10-15,25035,441,23180,1414
0-10-16,25108,443,23258,1407
0-10-17,25199,444,23312,1443
0-10-18,25275,444,23368,1463
0-10-19,25333,447,23466,1420
0-10-20,25424,450,23584,1390
0-10-21,25543,453,23647,1443
0-10-22,25698,455,23717,1526
0-10-23,25775,457,23834,1484
0-10-24,25836,457,23869,1510
0-10-25,25955,457,23905,1593
0-10-26,26043,460,23981,1602
0-10-27,26146,461,24073,1612
0-10-28,26271,462,24168,1641
0-10-29,26385,463,24227,1695
0-10-30,26511,464,24311,1736
0-10-31,26635,466,24357,1812
0-11-01,26732,468,24395,1869
0-11-02,26807,472,24510,1825
0-11-03,26925,474,24616,1835
0-11-04,27050,475,24735,1840
0-11-05,27195,476,24821,1898
0-11-06,27284,477,24910,1897
0-11-07,27427,478,24968,1981
0-11-08,27553,480,25029,2044
0-11-09,27653,485,25160,2008
0-11-10,27799,487,25266,2046
0-11-11,27942,487,25404,2051
0-11-12,28133,488,25537,2108
0-11-13,28338,492,25636,2210
0-11-14,28546,493,25691,2362
0-11-15,28769,494,25759,2516
0-11-16,28998,494,25860,2644
0-11-17,29311,496,25973,2842
0-11-18,29654,498,26098,3058
0-11-19,30017,501,26263,3253
0-11-20,30403,503,26365,3535
0-11-21,30733,505,26466,3762
0-11-22,31004,509,26539,3956
0-11-23,31353,510,26722,4121
0-11-24,31735,513,26825,4397
0-11-25,32318,515,26950,4853
0-11-26,32887,516,27103,5268
0-11-27,33375,522,27349,5504
0-11-28,33824,523,27542,5759
0-11-29,34201,526,27653,6022
0-11-30,34652,526,27885,6241
0-12-01,35163,526,28065,6572
0-12-02,35703,529,28352,6822
0-12-03,36332,536,28611,7185
0-12-04,36915,540,28917,7458
0-12-05,37546,545,29128,7873
0-12-06,38161,549,29301,8311
0-12-07,38755,552,29650,8553
0-12-08,39432,556,30177,8699
0-12-09,40098,564,30637,8897
0-12-10,40786,572,31157,9057
0-12-11,41736,578,31493,9665
0-12-12,42766,580,31814,10372
0-12-13,43484,587,32102,10795
0-12-14,44364,600,32559,11205
0-12-15,45442,612,32947,11883
0-12-16,46453,634,33610,12209
0-12-17,47515,645,33982,12888
0-12-18,48570,659,34334,13577
0-12-19,49665,674,34722,14269
0-12-20,50591,698,35155,14738
0-12-21,51460,722,35928,14810
0-12-22,52550,739,36726,15085
0-12-23,53533,756,37425,15352
0-12-24,54770,773,38048,15949
0-12-25,55902,793,38532,16577
0-12-26,56872,808,39040,17024
0-12-27,57680,819,39268,17593
0-12-28,58725,859,40703,17163
0-12-29,59773,879,41435,17459
0-12-30,60740,900,42271,17569
0-12-31,61769,917,42953,17899
1-01-01,62593,942,43578,18073
1-01-02,63244,962,44507,17775
1-01-03,64264,981,45240,18043
1-01-04,64979,1007,46172,17800
1-01-05,65818,1027,46995,17796
1-01-06,66686,1046,47649,17991
1-01-07,67358,1081,48369,17908
1-01-08,67999,1100,49324,17575
1-01-09,68664,1125,50409,17130
1-01-10,69114,1140,52552,15422
1-01-11,69651,1165,53569,14917
1-01-12,70212,1185,54636,14391
1-01-13,70728,1195,55772,13761
1-01-14,71241,1217,56536,13488
1-01-15,71820,1236,57554,13030
1-01-16,72340,1249,58253,12838
1-01-17,72729,1264,58723,12742
1-01-18,73115,1283,59468,12364
1-01-19,73518,1300,60180,12038
1-01-20,73918,1316,60846,11756
1-01-21,74262,1328,61415,11519
1-01-22,74692,1337,62044,11311
1-01-23,75084,1349,62530,11205
1-01-24,75521,1360,62956,11205
1-01-25,75875,1371,64793,9711
1-01-26,76429,1378,65478,9573
1-01-27,76926,1386,66016,9524
1-01-28,77395,1399,66503,9493
1-01-29,77850,1414,67121,9315
1-01-30,78205,1420,67878,8907
1-01-31,78508,1425,68309,8774
1-02-01,78844,1435,68775,8634
1-02-02,79311,1441,69299,8571
1-02-03,79762,1448,69704,8610
1-02-04,80131,1459,70117,8555
1-02-05,80524,1464,70505,8555
1-02-06,80896,1471,70865,8560
1-02-07,81185,1474,71218,8493
1-02-08,81487,1482,71676,8329
1-02-09,81930,1486,72226,8218
1-02-10,82434,1496,72638,8300
1-02-11,82837,1507,72936,8394
1-02-12,83199,1514,73227,8458
1-02-13,83525,1522,73559,8444
1-02-14,83869,1527,73794,8548
1-02-15,84325,1534,74551,8240
1-02-16,84946,1538,75360,8048
1-02-17,85567,1544,75896,8127
1-02-18,86128,1550,76513,8065
1-02-19,86574,1553,77083,7938
1-02-20,86992,1557,77516,7919
1-02-21,87324,1562,77887,7875
1-02-22,87681,1573,78394,7714
1-02-23,88120,1576,79050,7494
1-02-24,88516,1581,79487,7448
1-02-25,88922,1585,79880,7457
1-02-26,89321,1595,80333,7393
1-02-27,89676,1603,80697,7376
1-02-28,90031,1605,81070,7356
1-03-01,90372,1606,81338,7428
1-03-02,90816,1612,81700,7504
1-03-03,91240,1619,82162,7459
1-03-04,91638,1627,82560,7451
1-03-05,92055,1632,82913,7510
1-03-06,92471,1634,83220,7617
1-03-07,92817,1642,83474,7701
1-03-08,93263,1645,83900,7718
1-03-09,93733,1648,84312,7773
1-03-10,94198,1652,84675,7871
1-03-11,94686,1662,85743,7281
1-03-12,95176,1667,86625,6884
1-03-13,95635,1669,87408,6558
1-03-14,96017,1675,87754,6588
1-03-15,96380,1678,88255,6447
1-03-16,96849,1686,88814,6349
1-03-17,97294,1688,89178,6428
1-03-18,97757,1690,89523,6544
1-03-19,98209,1693,89949,6567
1-03-20,98665,1696,90328,6641
1-03-21,99075,1697,90611,6767
1-03-22,99421,1704,91079,6638
1-03-23,99846,1707,91560,6579
1-03-24,100276,1709,92068,6499
1-03-25,100770,1716,92630,6424
1-03-26,101275,1721,93475,6079
1-03-27,101757,1722,93855,6180
1-03-28,102141,1726,94124,6291
1-03-29,102582,1729,94563,6290
1-03-30,103088,1731,95030,6327
1-03-31,103639,1735,95439,6465
1-04-01,104194,1737,95861,6596
1-04-02,104736,1740,96196,6800
1-04-03,105279,1744,96589,6946
1-04-04,105752,1748,96900,7104
1-04-05,106230,1752,97363,7115
1-04-06,106898,1756,97928,7214
1-04-07,107598,1758,98360,7480
1-04-08,108269,1764,98786,7719
1-04-09,108945,1765,99301,7879
1-04-10,109559,1768,100109,7682
1-04-11,110146,1770,100804,7572
1-04-12,110688,1775,101332,7581
1-04-13,111419,1782,101983,7654
1-04-14,112117,1788,102513,7816
1-04-15,112789,1790,103062,7937
1-04-16,113444,1794,103594,8056
1-04-17,114115,1797,104006,8312
1-04-18,114646,1801,104474,8371
1-04-19,115195,1802,105227,8166
1-04-20,115926,1806,105877,8243
1-04-21,116661,1808,106459,8394
1-04-22,117458,1811,107071,8576
1-04-23,118243,1812,107781,8650
1-04-24,118887,1813,108475,8599
1-04-25,119387,1817,108850,8720
1-04-26,119898,1820,109695,8383
1-04-27,120673,1821,110248,8604
1-04-28,121351,1825,110787,8739
1-04-29,122007,1828,111422,8757
1-04-30,122634,1831,112337,8466
1-05-01,123240,1833,112865,8542
1-05-02,123728,1834,113356,8538
1-05-03,124269,1840,114128,8301
1-05-04,124945,1847,114944,8154
1-05-05,125519,1851,115491,8177
1-05-06,126044,1860,116022,8162
1-05-07,126745,1865,116881,7999
1-05-08,127309,1874,117423,8012
1-05-09,127772,1875,117844,8053
1-05-10,128283,1879,118717,7687
1-05-11,128918,1884,119373,7661
1-05-12,129633,1891,119906,7836
1-05-13,130380,1893,120395,8092
1-05-14,131061,1896,121282,7883
1-05-15,131671,1900,121764,8007
1-05-16,132290,1903,122163,8224
1-05-17,132818,1904,122631,8283
1-05-18,133471,1912,123237,8322
1-05-19,134117,1916,123659,8542
1-05-20,134678,1922,124158,8598
1-05-21,135344,1926,125032,8386
1-05-22,135929,1931,125881,8117
1-05-23,136467,1934,126427,8106
1-05-24,136983,1938,126993,8052
1-05-25,137682,1940,127582,8160
1-05-26,138311,1943,128180,8188
1-05-27,138898,1946,128761,8191
1-05-28,139431,1951,129739,7741
1-05-29,139910,1957,130381,7572
1-05-30,140340,1959,130823,7558
1-05-31,140799,1963,131463,7373
